instance,feature_1,feature_2,feature_3,feature_4,feature_5,feature_6,feature_7,feature_8,feature_9,feature_10,feature_11,feature_12,feature_13,feature_14,feature_15,feature_16,feature_17,feature_18,feature_19,feature_20,feature_21,feature_22,feature_23,feature_24,feature_25,feature_26,feature_27,feature_28,feature_29,feature_30,feature_31,feature_32,feature_33,feature_34,feature_35,feature_36,feature_37,feature_38,feature_39,feature_40,feature_41,feature_42,feature_43,feature_44,feature_45,feature_46,feature_47,feature_48,feature_49,feature_50,feature_51,feature_52,feature_53,feature_54,feature_55,feature_56,feature_57,feature_58,feature_59,feature_60,feature_61,feature_62,feature_63,feature_64,feature_65,feature_66,feature_67,feature_68,feature_69,feature_70,feature_71,feature_72,feature_73,feature_74,feature_75,feature_76,feature_77,feature_78,feature_79,feature_80,feature_81,feature_82,feature_83,feature_84,feature_85,feature_86,feature_87,feature_88,feature_89,feature_90,feature_91,feature_92,feature_93,feature_94,feature_95
instance_52,2.81409,6.9029,2.18636,0.0,0.0,0.0,1.64715,2.70002,0.579512,30.0,0.442448,1.80512,1.39047,2533.68,4517.5,31.0,306.708,9.89381,2.0,2.0,1.0,2243.0,0.0,1.02701,5742.0,15483.2,4904.02,118.0,59.0,1105.0,0.0,0.0,1137.0,1079.0,0.0526081,0.0263041,0.505952,0.0,0.0,0.50691,0.494048,0.0129291,0.0,29.0,0.0,0.0,0.0,,0.0,1.0,0.346008,0.000445831,-0.369791,174.0,9.75801,174.0,1.33489,0.0,0.0,3.0,5.0,0.0,0.0,5.0,5.0,0.0,5.0,0.0,2.89011,17.8315,8.4891,1.76855,6.56087,6.90036,2096.0,0.417112,0.556806,0.423202,3055.0,2468.76,3043.46,35.0,1010.0,505.0,0.0,2.0,0.5,1020.0,994.0,2184.0,0.922161,0.973696,6312.0,38944.0,18540.2
instance_20,3.72135,13.6332,2.67237,0.0,0.0,0.0,1.88071,2.21592,1.20646,0.0,1.41875,2.20612,1.82532,621.505,965.075,121.0,203.125,16.3418,2.0,2.0,1.0,445.0,0.0,0.821033,1268.0,6066.76,1189.2,0.0,0.0,112.0,0.0,0.0,305.0,430.0,0.0,0.0,0.206642,0.0,0.0,0.685393,0.793358,0.0,0.0,0.0,0.0,2.0,29.0,0.0689655,0.0651685,1.0,0.327295,0.00224719,-1.64675,10001.0,2.9207,10001.0,0.384257,0.0,5.0,2.0,0.0,5.0,0.0,5.0,5.0,0.0,0.0,0.0,3.05535,3424.18,1650.77,0.408505,4.99848,5.18201,288.0,1.87358,1.66263,1.7363,1311.0,825.784,2193.97,16.0,141001.0,70500.5,0.0,2.0,0.25,1665.0,515.0,542.0,4.02214,1.21798,1656.0,1855900.0,894719.0
instance_21,3.66019,8.46704,1.66655,0.0,0.0,0.0,2.05026,3.01851,0.493594,0.0,0.802975,3.87507,1.55543,2589.61,3850.5,70.0,186.105,8.34078,1.0,1.0,1.0,2160.0,0.0,1.5265,5859.0,18288.8,3599.74,131.0,608.0,1061.0,0.0,0.0,1395.0,354.0,0.0606481,0.281481,0.749823,0.0,0.0,0.645833,0.250177,0.0,0.0,0.0,0.0,3.0,26.0,0.115385,0.012037,1.0,0.178978,0.000462963,-0.469244,9835.0,972.3,9835.0,37.5974,0.0,5.0,2.0,0.0,5.0,0.0,5.0,5.0,0.0,0.0,0.0,5.58728,10.1152,7.92434,1.74967,25.8343,32.9795,1128.0,1.73563,0.915132,0.720199,1814.0,2247.45,1799.31,60.0,9835.0,9835.0,0.0,2.0,0.0526316,452.0,191.0,1415.0,0.454417,0.655093,7906.0,14313.0,11212.9
instance_32,2.84052,6.60212,2.51199,0.0,0.0,0.0,0.764866,0.907869,0.606708,13.0,1.35743,3.03073,1.78463,303.941,566.049,12.0,55.2309,9.34873,2.0,2.0,1.0,232.0,0.0,1.04977,660.0,1531.69,582.783,46.0,12.0,178.0,0.0,0.0,172.0,43.0,0.198276,0.0517241,0.80543,0.0,0.0,0.741379,0.19457,0.0,0.0,0.0,0.0,1.0,2.0,0.5,0.00862069,1.0,0.335357,0.00431034,-0.569137,652.0,24.3358,652.0,7.34619,0.0,5.0,2.0,0.0,5.0,0.0,5.0,5.0,0.0,0.0,0.0,2.9819,26.7919,14.5776,1.16781,3.17658,3.89189,207.0,0.788973,1.13574,0.94526,219.0,271.997,437.547,24.0,652.0,652.0,0.0,2.0,0.285714,24.0,210.0,221.0,1.05882,0.952586,659.0,5921.0,3221.65
instance_82,2.94712,2.95185,1.00074,0.0,0.0,0.0,0.488125,0.49928,0.0166215,0.0,1.18798,1.1902,0.000503628,48240.6,48270.6,25.0,58.0482,2.32193,1.0,1.0,1.0,32637.0,0.0,2.06825,96231.0,96339.7,32661.2,2188.0,1616.0,12840.0,0.0,0.0,27465.0,2940.0,0.0670405,0.0495144,0.813688,0.0,0.0,0.84153,0.186312,0.0,0.0,0.0,0.0,0.0,0.0,,0.0,0.0,0.0,0.0,0.0,0.0,0.0,0.0,0.0,0.0,0.0,1.0,0.0,5.0,0.0,5.0,5.0,0.0,5.0,0.0,6.09537,2.01445,0.889764,2.28677,0.103103,0.416183,14880.0,1.30511,0.0440063,0.493224,15065.0,23081.6,15880.5,153.0,5.0,5.0,0.0,2.0,0.0130719,693.0,69.0,15780.0,0.048289,0.4835,96185.0,31788.0,14040.5
instance_9,5.26369,10.4239,1.90887,0.0,0.0,0.0,1.05198,1.26475,0.424711,63.0,2.02318,3.84407,1.70575,3945.02,5738.23,28.0,100.846,5.04232,1.0,1.0,1.0,2173.0,0.0,1.06676,6545.0,22651.1,4147.98,414.0,0.0,679.0,0.0,0.0,1556.0,1358.0,0.19052,0.0,0.333333,0.0,0.0,0.716061,0.666667,0.0,0.0,0.0,0.0,5.0,86.0,0.0581395,0.0395766,1.0,0.178091,0.000460193,-0.593574,26.0,3.08277,26.0,1.49588,0.0,0.0,2.0,0.0,5.0,5.0,5.0,5.0,0.0,0.0,0.0,5.61512,8.43397,3.51319,1.38468,1.39234,1.70295,1463.0,1.71473,2.20699,2.27117,3342.0,3463.81,4372.18,29.0,42.0,26.0,0.0,2.0,0.103448,2434.0,209.0,2037.0,1.2975,0.937414,11438.0,17180.0,7156.38
instance_73,2.43596,3.03223,1.24391,0.0,0.0,0.0,1.41107,1.40998,0.434511,0.0,1.03069,1.84888,0.559629,8246.89,9796.31,191.0,203.384,5.90889,2.0,2.0,1.0,6918.0,0.0,2.06816,16297.0,20977.0,8605.39,1187.0,3918.0,3091.0,0.0,0.0,1623.0,254.0,0.171581,0.566349,0.924066,0.0,0.0,0.234605,0.0759342,0.0,0.0,0.0,0.0,0.0,0.0,,0.0,1.0,0.198493,0.00014455,-0.455431,10689.0,1986.48,10689.0,57.8166,0.0,0.0,2.0,0.0,5.0,5.0,5.0,5.0,0.0,0.0,0.0,5.03797,5.38087,3.95211,1.75989,34.341,46.7554,3034.0,2.57374,0.161263,0.887744,3535.0,5815.03,3460.29,101.0,10689.0,10689.0,0.0,2.0,0.029703,652.0,763.0,3345.0,0.423019,0.483521,16852.0,17999.0,13219.8
instance_49,,,,,,,,,,,,,,,,,,,,,,,,,,,,,,,,,,,,,,,,,,,,,,,,,,,,,,,,,,,,,,,,,,,,,,,,,,,,,,,,,,,,,,,,,,,,,,,
instance_14,2.99119,3.37381,1.19435,0.0,0.0,0.0,2.32199,2.07869,0.32315,0.0,1.70699,2.28246,0.775131,16957.0,19446.4,226.0,232.82,7.82018,1.0,2.0,1.0,12595.0,0.0,1.2085,28770.0,42493.2,15042.8,4337.0,1904.0,7196.0,0.0,0.0,2516.0,3226.0,0.344343,0.151171,0.690462,0.0,0.0,0.199762,0.309538,0.0666931,0.0,840.0,0.0,0.0,0.0,,0.0,0.0,0.0,0.0,0.0,0.0,0.0,0.0,0.0,0.0,0.0,1.0,0.0,5.0,5.0,5.0,5.0,0.0,0.0,0.0,3.61485,2.17242,0.912533,1.26469,1.78002,2.68539,10258.0,1.17239,0.154063,0.601875,12640.0,14576.4,10849.1,37.0,226.0,226.0,0.0,2.0,0.0540541,2610.0,1627.0,10422.0,0.406544,0.827471,37674.0,22641.0,9510.42
instance_93,2.80439,9.50672,3.24293,0.0,0.0,0.0,2.22102,5.20004,0.877085,0.0,1.2138,4.07505,2.40035,1359.95,2710.09,201.0,1627.78,11.1111,2.0,2.0,1.0,1094.0,0.0,0.993642,2997.0,10400.3,3547.77,0.0,0.0,300.0,0.0,0.0,779.0,801.0,0.0,0.0,0.27248,0.0,0.0,0.712066,0.72752,0.0,0.0,0.0,0.0,1.0,15.0,0.0666667,0.0137112,1.0,0.358866,0.000914077,-1.15051,8987150.0,550.013,8987150.0,32.9979,0.0,1.0,2.0,0.0,1.0,0.0,1.0,1.0,0.0,0.0,0.0,2.78656,16339.9,12250.3,0.55726,16.6378,22.1178,961.0,1.59877,2.86355,2.8766,1293.0,1473.47,4136.96,13.0,8987150.0,8987150.0,0.0,2.0,0.285714,383.0,324.0,1101.0,0.642144,1.0064,3068.0,17990200.0,13487500.0
instance_47,,,,,,,,,,,,,,,,,,,,,,,,,,,,,,,,,,,,,,,,,,,,,,,,,,,,,,,,,,,,,,,,,,,,,,,,,,,,,,,,,,,,,,,,,,,,,,,
instance_88,3.04109,3.89295,1.33518,0.0,0.0,0.0,1.23429,1.40003,0.608322,0.0,1.554,2.14788,0.760872,47341.0,56090.6,60.0,297.252,4.9542,1.0,1.0,1.0,34682.0,0.0,1.21134,81529.0,135015.0,46306.6,7485.0,18780.0,25575.0,0.0,0.0,5561.0,3056.0,0.215818,0.541491,0.893263,0.0,0.0,0.160343,0.106737,0.00432501,0.0,150.0,0.0,2.0,6.0,0.333333,0.000173,0.0,0.0,0.0,0.0,0.0,0.0,0.0,0.0,0.0,0.0,1.0,0.0,1.0,1.0,1.0,1.0,0.0,0.0,0.0,3.6838,2.4338,0.930163,1.87318,1.82135,2.00469,21270.0,1.68144,0.102056,0.653575,31172.0,41925.6,30089.6,124.0,101.0,50.5,0.0,2.0,0.0165289,3253.0,141.0,28631.0,0.118543,0.825529,105471.0,69682.0,26631.5
instance_86,3.03951,3.88293,1.33339,0.0,0.0,0.0,1.23507,1.40138,0.605716,0.0,1.55262,2.14606,0.757453,47303.6,56024.6,60.0,297.252,4.9542,1.0,1.0,1.0,34679.0,0.0,1.21124,81520.0,134656.0,46240.5,7485.0,18780.0,25575.0,0.0,0.0,5558.0,3056.0,0.215837,0.541538,0.893263,0.0,0.0,0.16027,0.106737,0.00432538,0.0,150.0,0.0,2.0,6.0,0.333333,0.000173015,0.0,0.0,0.0,0.0,0.0,0.0,0.0,0.0,0.0,0.0,1.0,0.0,1.0,1.0,1.0,1.0,0.0,0.0,0.0,3.68157,2.43058,0.929637,1.86677,1.81894,2.00509,21270.0,1.68037,0.102802,0.651926,31172.0,41923.8,30081.2,121.0,101.0,50.5,0.0,2.0,0.0165289,3253.0,149.0,28631.0,0.118822,0.825601,105407.0,69590.0,26616.4
instance_4,2.78519,10.0202,3.61782,0.0,0.0,0.0,1.87401,0.843925,0.639246,0.0,1.02867,3.63654,1.77733,349.165,733.536,88.0,93.4594,6.55459,2.0,2.0,1.0,270.0,0.0,0.756303,723.0,2705.45,976.81,0.0,0.0,87.0,0.0,0.0,183.0,270.0,0.0,0.0,0.243697,0.0,0.0,0.677778,0.756303,0.0,0.0,0.0,0.0,0.0,0.0,,0.0,1.0,0.474734,0.0037037,-1.28191,88.0,2.13991,88.0,1.07334,5.0,0.0,3.0,5.0,0.0,5.0,0.0,5.0,0.0,0.0,0.0,2.10644,41.1232,19.6261,0.409751,1.06202,1.07732,207.0,1.68418,2.10792,2.65545,357.0,339.135,1229.76,7.0,94.0,88.0,0.0,2.0,0.666667,199.0,89.0,357.0,0.806723,1.32222,752.0,14681.0,7006.5
instance_84,2.98258,2.98528,1.00042,0.0,0.0,0.0,0.48231,0.489625,0.0123526,0.0,1.07852,1.07992,0.000220846,120528.0,120570.0,32.0,74.3017,2.32193,1.0,1.0,1.0,80309.0,0.0,2.31892,237519.0,239745.0,80343.1,4920.0,3276.0,28996.0,0.0,0.0,69213.0,5636.0,0.0612634,0.0407924,0.83726,0.0,0.0,0.861834,0.16274,0.0,0.0,0.0,0.0,0.0,0.0,,0.0,0.0,0.0,0.0,0.0,0.0,0.0,0.0,0.0,0.0,0.0,1.0,0.0,5.0,0.0,5.0,5.0,0.0,5.0,0.0,6.91638,2.00936,0.898311,2.65516,0.0832452,0.368073,32924.0,1.17426,0.0304533,0.420255,33920.0,49698.2,34774.8,207.0,5.0,5.0,0.0,2.0,0.00966184,1728.0,77.0,34632.0,0.0521194,0.431234,239528.0,69588.0,31110.3
instance_64,3.03846,18.9247,6.63227,0.0,0.0,0.0,1.18481,1.0267,0.0843892,0.0,0.468167,0.698827,0.468167,31.9069,102.72,16.0,99.8732,8.31272,2.0,13.3164,4.32911,26.0,0.0,0.787879,79.0,492.042,172.439,0.0,0.0,0.0,0.0,0.0,23.0,33.0,0.0,0.0,0.0,0.0,0.0,0.884615,1.0,0.0,0.0,0.0,0.0,2.0,3.0,0.666667,0.115385,1.0,0.417722,0.0384615,-1.26803,1001.0,9.55539,1001.0,5.47342,0.0,0.0,2.0,0.0,5.0,0.0,5.0,5.0,0.0,5.0,0.0,2.39394,104.758,58.5934,0.459199,1.56308,2.85785,1.0,1.99257,0.982603,2.12982,48.0,35.6797,185.764,4.0,1001.0,1001.0,0.0,4.0,4.0,86.0,63.0,33.0,4.51515,1.26923,79.0,3457.0,1933.58
instance_23,4.69807,14.3726,2.14145,0.0,0.0,0.0,2.43983,3.53365,0.529154,0.0,0.825818,5.39997,2.03694,4339.23,7455.15,108.0,362.208,10.0852,1.0,1.0,1.0,3471.0,0.0,1.81538,9619.0,49887.3,7432.98,211.0,775.0,1533.0,0.0,0.0,2432.0,379.0,0.0607894,0.223279,0.801778,0.0,0.0,0.700663,0.198222,0.0,0.0,0.0,0.0,3.0,53.0,0.0566038,0.0152694,1.0,0.11725,0.000288101,-0.444183,48255.0,1570.34,48255.0,43.7106,0.0,5.0,2.0,0.0,5.0,0.0,5.0,5.0,0.0,0.0,0.0,8.52877,30.7291,26.5228,1.98736,35.9029,41.5968,1617.0,1.58988,1.02597,0.707567,2224.0,3232.64,2685.54,107.0,48255.0,48255.0,0.0,2.0,0.0350877,539.0,157.0,1912.0,0.364017,0.55085,16307.0,58754.0,50711.7
instance_2,2.76451,9.83904,3.5778,0.0,0.0,0.0,1.9818,0.881417,0.65678,0.0,1.02082,3.34792,1.61355,374.63,782.904,96.0,101.585,6.63902,2.0,2.0,1.0,293.0,0.0,0.755155,784.0,2882.84,1048.3,0.0,0.0,95.0,0.0,0.0,198.0,293.0,0.0,0.0,0.244845,0.0,0.0,0.675768,0.755155,0.0,0.0,0.0,0.0,0.0,0.0,,0.0,1.0,0.479012,0.00341297,-1.33116,96.0,2.22018,96.0,1.11784,5.0,0.0,3.0,5.0,0.0,5.0,0.0,5.0,0.0,0.0,0.0,2.08763,43.2397,20.9491,0.391379,1.09155,1.1249,228.0,1.66396,1.88597,2.46866,388.0,364.669,1329.38,6.0,101.0,96.0,0.0,2.0,0.666667,221.0,97.0,388.0,0.819588,1.32423,810.0,16777.0,8128.27
instance_27,5.9292,10.6932,2.18721,0.0,0.0,0.0,2.78177,2.0701,0.785012,0.0,1.92693,3.27533,1.60582,1407.3,2092.24,92.0,315.625,7.97154,1.0,1.0,1.0,904.0,0.0,1.07747,2660.0,9666.64,1977.23,276.0,96.0,504.0,0.0,0.0,410.0,335.0,0.30531,0.106195,0.600715,0.0,0.0,0.45354,0.399285,0.0,0.0,0.0,0.0,1.0,2.0,0.5,0.00221239,4.0,0.626119,0.00442478,-0.250182,241.0,19.8157,60.25,4.75085,0.0,0.0,2.0,0.0,5.0,0.0,5.0,5.0,0.0,5.0,0.0,6.38856,12.1621,2.20636,1.49443,3.96048,4.51309,679.0,1.70674,0.870229,1.34032,808.0,1447.32,1131.28,36.0,251.0,125.5,0.0,1.0,0.0645161,345.0,506.0,839.0,1.0143,0.928097,5360.0,10204.0,1851.13
instance_42,4.13267,19.7907,3.35485,0.0,0.0,0.0,1.11432,2.00204,0.826173,0.0,1.761,2.22793,1.35766,1859.25,3138.55,49.0,588.017,12.0004,2.0,2.0,1.0,1108.0,0.0,1.97857,2681.0,21928.1,3717.17,78.0,425.0,311.0,0.0,0.0,341.0,249.0,0.0703971,0.383574,0.555357,0.0,0.0,0.307762,0.444643,0.0,0.0,0.0,0.0,1.0,264.0,0.00378788,0.238267,1.0,0.122297,0.000902527,-1.21516,11701.0,15.0771,11701.0,6.61266,0.0,0.0,2.0,0.0,5.0,5.0,5.0,5.0,0.0,0.0,0.0,8.17679,776.079,74.4285,0.722293,2.12881,6.85176,317.0,2.82678,0.706948,1.58106,1261.0,1462.51,1705.55,45.0,11701.0,11701.0,0.0,2.0,0.0444444,880.0,793.0,560.0,2.9875,0.505415,4579.0,434604.0,41680.0
instance_65,2.89333,18.2263,6.62929,0.0,0.0,0.0,1.68808,1.48093,0.0444314,0.0,0.279024,0.305691,0.102158,85.1699,289.691,32.0,213.063,7.02588,2.0,13.3164,4.12159,75.0,0.0,1.0274,226.0,1366.97,497.197,0.0,0.0,0.0,0.0,0.0,72.0,73.0,0.0,0.0,0.0,0.0,0.0,0.96,1.0,0.0,0.0,0.0,0.0,2.0,3.0,0.666667,0.04,1.0,0.336406,0.0133333,-1.4785,1001.0,10.8983,1001.0,7.93809,0.0,0.0,2.0,0.0,5.0,0.0,5.0,5.0,0.0,5.0,0.0,2.9726,91.8493,37.729,0.44883,1.24693,3.0314,8.0,2.13953,0.858155,2.2147,112.0,100.062,408.186,6.0,1001.0,1001.0,0.0,3.0,3.0,184.0,130.0,73.0,4.30137,0.973333,217.0,6705.0,2754.22
instance_39,2.45125,14.6133,6.05387,0.0,0.0,0.0,2.22332,1.98856,0.133018,0.0,0.398112,2.89522,0.629819,381.157,1303.69,102.0,536.245,6.37504,1.0,2.0,1.0,359.0,0.0,1.29137,1087.0,5246.16,2173.34,6.0,0.0,12.0,0.0,0.0,349.0,266.0,0.0167131,0.0,0.0431655,0.0,0.0,0.972145,0.956835,0.0,0.0,0.0,0.0,1.0,4.0,0.25,0.0111421,1.0,0.315909,0.00278552,-0.937131,9605.0,97.0766,9605.0,16.6256,0.0,1.0,2.0,0.0,1.0,0.0,1.0,1.0,0.0,0.0,0.0,3.16547,98.9424,60.1444,0.729984,5.77884,9.53827,115.0,1.2912,3.21421,3.79576,265.0,390.304,1593.75,14.0,9605.0,9605.0,0.0,2.0,1.0,112.0,122.0,278.0,0.841727,0.774373,880.0,27506.0,16720.1
instance_26,9.0,12.4634,1.85394,0.0,0.0,0.0,2.63214,2.4954,0.879586,0.0,1.584,2.98531,1.34622,619.2,856.248,92.0,313.97,7.81378,1.0,1.0,1.0,424.0,0.0,0.931868,1124.0,5284.5,786.072,180.0,0.0,120.0,0.0,0.0,122.0,335.0,0.424528,0.0,0.263736,0.0,0.0,0.287736,0.736264,0.0,0.0,0.0,0.0,1.0,2.0,0.5,0.00471698,4.0,0.476939,0.00943396,-0.387345,215.0,11.4697,53.75,3.42871,0.0,0.0,2.0,0.0,5.0,0.0,5.0,5.0,0.0,5.0,0.0,8.38681,18.7451,4.40236,1.35038,3.05353,3.24171,292.0,1.90386,1.34483,1.92263,394.0,930.39,742.071,31.0,225.0,112.5,0.0,1.0,0.0645161,314.0,475.0,455.0,1.73407,1.07311,3816.0,8529.0,2003.08
instance_75,2.8003,3.86133,1.34798,0.0,0.0,0.0,1.116,1.40116,0.426255,0.0,1.10398,2.06461,0.717387,1742.58,2189.3,51.0,90.7605,4.32193,2.0,2.0,1.0,1342.0,0.0,1.34874,3580.0,5181.91,1808.99,212.0,555.0,883.0,0.0,0.0,525.0,112.0,0.157973,0.413562,0.887437,0.0,0.0,0.391207,0.112563,0.0,0.0,0.0,0.0,0.0,0.0,,0.0,1.0,0.264768,0.000745156,-0.379869,1297.0,348.505,1297.0,31.4652,0.0,0.0,2.0,0.0,5.0,5.0,5.0,5.0,0.0,0.0,0.0,3.77688,3.72161,2.17729,1.93549,11.0441,18.8634,824.0,1.84104,0.40092,0.634322,1045.0,1417.04,1097.5,86.0,1297.0,1297.0,0.0,2.0,0.0348837,232.0,103.0,995.0,0.336683,0.741431,3758.0,3703.0,2166.4
instance_38,2.48312,14.9305,6.11686,0.0,0.0,0.0,2.86457,2.51538,0.0603253,0.0,0.148196,2.81466,0.367529,491.86,1728.91,151.0,784.361,6.30378,1.0,6.30378,3.65189,474.0,0.0,1.20305,1426.0,7077.06,2899.39,0.0,0.0,0.0,0.0,0.0,470.0,394.0,0.0,0.0,0.0,0.0,0.0,0.991561,1.0,0.0,0.0,0.0,0.0,1.0,4.0,0.25,0.00843882,1.0,0.334749,0.0021097,-1.06383,14030.0,140.718,14030.0,19.8149,0.0,1.0,2.0,0.0,1.0,0.0,1.0,1.0,0.0,0.0,0.0,2.98731,99.703,61.4825,0.625335,7.05117,11.4622,152.0,1.30004,3.11866,3.77284,391.0,541.993,2316.18,9.0,14030.0,14030.0,0.0,2.0,1.0,182.0,182.0,394.0,0.923858,0.831224,1177.0,39283.0,24224.1
instance_79,3.11538,20.7846,6.16142,0.0,0.0,0.0,0.996641,1.27347,0.532421,0.0,1.44958,3.52699,2.71925,71.3066,188.667,20.0,164.574,10.3811,1.0,1.0,1.0,52.0,0.0,1.08333,157.0,1080.8,320.394,3.0,0.0,4.0,0.0,0.0,40.0,44.0,0.0576923,0.0,0.0833333,0.0,0.0,0.769231,0.916667,0.115385,0.0,6.0,0.0,2.0,3.0,0.666667,0.0576923,17.0,5.03704,0.326923,4.84724,987.0,1.36087,58.0588,0.334288,5.0,0.0,2.0,5.0,0.0,5.0,0.0,5.0,0.0,0.0,0.0,3.375,725.271,283.884,0.832853,1.07952,1.12378,29.0,2.34451,2.95884,3.81924,37.0,69.2522,336.507,17.0,1802.0,901.0,0.0,2.0,0.153846,70.0,59.0,48.0,2.6875,0.923077,162.0,34813.0,13626.5
instance_72,2.9273,4.10788,1.36393,0.0,0.0,0.0,1.56983,2.08912,0.501015,0.0,1.208,2.27412,0.611212,5473.88,6842.93,101.0,218.125,5.94589,2.0,2.0,1.0,4168.0,0.0,1.45785,11128.0,17121.7,5684.85,728.0,1724.0,2635.0,0.0,0.0,1616.0,224.0,0.174664,0.413628,0.921651,0.0,0.0,0.387716,0.0783491,0.0,0.0,0.0,0.0,0.0,0.0,,0.0,1.0,0.234325,0.000239923,-0.281542,2233.0,657.143,2233.0,53.0949,0.0,0.0,2.0,0.0,5.0,5.0,5.0,5.0,0.0,0.0,0.0,4.26758,3.39804,1.71139,2.71958,12.3579,24.3961,2518.0,1.72257,0.307802,0.734646,2959.0,3989.74,3102.78,160.0,2233.0,2233.0,0.0,2.0,0.01875,462.0,403.0,2859.0,0.302553,0.68594,12201.0,9715.0,4892.86
instance_83,2.94712,2.95185,1.00074,0.0,0.0,0.0,0.488125,0.49928,0.0166215,0.0,1.18798,1.1902,0.000503628,48240.6,48270.6,25.0,58.0482,2.32193,1.0,1.0,1.0,32637.0,0.0,2.06825,96231.0,96339.7,32661.2,2188.0,1616.0,12840.0,0.0,0.0,27465.0,2940.0,0.0670405,0.0495144,0.813688,0.0,0.0,0.84153,0.186312,0.0,0.0,0.0,0.0,0.0,0.0,,0.0,0.0,0.0,0.0,0.0,0.0,0.0,0.0,0.0,0.0,0.0,1.0,0.0,5.0,0.0,5.0,5.0,0.0,5.0,0.0,6.09537,2.01445,0.889764,2.28677,0.103103,0.416183,14880.0,1.30511,0.0440063,0.493224,15065.0,23081.6,15880.5,153.0,5.0,5.0,0.0,2.0,0.0130719,693.0,69.0,15780.0,0.048289,0.4835,96185.0,31788.0,14040.5
instance_80,3.16216,20.7532,5.73875,0.0,0.0,0.0,1.28197,1.6741,0.494209,0.0,1.3118,4.51865,2.97429,98.5862,265.815,28.0,233.97,10.3665,1.0,1.0,1.0,74.0,0.0,1.13846,222.0,1535.74,424.667,10.0,0.0,6.0,0.0,0.0,52.0,59.0,0.135135,0.0,0.0923077,0.0,0.0,0.702703,0.907692,0.108108,0.0,8.0,0.0,2.0,3.0,0.666667,0.0405405,17.0,4.72222,0.22973,5.15267,971.0,1.74106,57.1176,0.572955,5.0,0.0,2.0,5.0,0.0,5.0,0.0,5.0,0.0,0.0,0.0,3.6,557.708,192.527,0.722387,1.29339,1.36128,47.0,2.38549,3.57591,4.32768,45.0,103.003,448.325,17.0,1795.0,897.5,0.0,2.0,0.181818,73.0,104.0,65.0,2.72308,0.878378,234.0,36251.0,12514.2
instance_3,2.78182,10.0799,3.65225,0.0,0.0,0.0,1.88092,0.838245,0.6359,0.0,1.02796,3.42943,1.79914,355.351,750.758,89.0,94.4757,6.53916,2.0,2.0,1.0,275.0,0.0,0.757576,737.0,2771.99,1004.37,0.0,0.0,88.0,0.0,0.0,187.0,275.0,0.0,0.0,0.242424,0.0,0.0,0.68,0.757576,0.0,0.0,0.0,0.0,0.0,0.0,,0.0,1.0,0.47451,0.00363636,-1.34852,89.0,2.13163,89.0,1.0728,5.0,0.0,3.0,5.0,0.0,5.0,0.0,5.0,0.0,0.0,0.0,2.10744,41.7521,19.8518,0.389678,1.05484,1.07807,211.0,1.68971,1.98962,2.51008,363.0,346.253,1259.52,6.0,93.0,89.0,0.0,2.0,0.666667,201.0,90.0,363.0,0.801653,1.32,765.0,15156.0,7206.22
instance_58,7.1625,29.8181,4.14001,0.0,0.0,0.0,1.20638,1.2139,0.0181646,0.0,0.99441,2.84019,0.0,153.894,317.845,39.0,166.751,4.28112,2.0,7.49185,3.74593,80.0,0.0,0.824742,238.0,2385.45,331.201,58.0,0.0,0.0,0.0,0.0,21.0,97.0,0.725,0.0,0.0,0.0,0.0,0.2625,1.0,0.0,0.0,0.0,0.0,1.0,1.0,1.0,0.0125,1.0,0.169284,0.0125,-0.637909,761.0,30.0191,761.0,9.79613,0.0,0.0,2.0,0.0,5.0,5.0,5.0,5.0,0.0,0.0,0.0,5.90722,25.3505,14.5002,1.30225,2.9623,5.25894,59.0,1.43228,2.05451,2.33976,97.0,169.969,406.875,22.0,761.0,761.0,0.0,10.0,0.772727,77.0,705.0,97.0,8.06186,1.2125,573.0,2459.0,1406.52
instance_76,3.26239,23.36,6.33779,0.0,0.0,0.0,2.93132,3.66339,0.593685,0.0,1.06809,4.89714,3.109,436.173,1218.84,133.0,1210.05,12.8727,1.0,1.0,1.0,343.0,0.0,1.15488,1030.0,8012.49,2173.86,38.0,10.0,44.0,0.0,0.0,256.0,253.0,0.110787,0.0291545,0.148148,0.0,0.0,0.746356,0.851852,0.0699708,0.0,24.0,0.0,2.0,3.0,0.666667,0.00874636,82.0,21.7641,0.239067,14.3845,4010.0,1.976,48.9024,0.615487,5.0,0.0,2.0,5.0,0.0,5.0,0.0,5.0,0.0,0.0,0.0,3.76768,2029.36,667.442,1.4435,1.58573,1.72438,217.0,2.37655,4.03255,4.88808,413.0,463.535,2092.13,82.0,7500.0,3750.0,0.0,2.0,0.0512821,507.0,375.0,297.0,2.9697,0.865889,1119.0,602719.0,198230.0
instance_11,2.99119,3.37381,1.19435,0.0,0.0,0.0,2.32199,2.07869,0.32315,0.0,1.70699,2.28246,0.775131,16957.0,19446.4,226.0,232.82,7.82018,1.0,2.0,1.0,12595.0,0.0,1.2085,28770.0,42493.2,15042.8,4337.0,1904.0,7196.0,0.0,0.0,2516.0,3226.0,0.344343,0.151171,0.690462,0.0,0.0,0.199762,0.309538,0.0666931,0.0,840.0,0.0,0.0,0.0,,0.0,0.0,0.0,0.0,0.0,0.0,0.0,0.0,0.0,0.0,0.0,1.0,0.0,5.0,5.0,5.0,5.0,0.0,0.0,0.0,3.61485,2.17242,0.912533,1.26469,1.78002,2.68539,10258.0,1.17239,0.154063,0.601875,12640.0,14576.4,10849.1,37.0,226.0,226.0,0.0,2.0,0.0540541,2610.0,1627.0,10422.0,0.406544,0.827471,37674.0,22641.0,9510.42
instance_78,3.27273,23.0741,6.0336,0.0,0.0,0.0,2.64688,3.36617,0.540854,0.0,1.07629,5.49867,3.11128,334.618,936.031,103.0,937.93,12.2706,1.0,1.0,1.0,264.0,0.0,1.22222,797.0,6091.55,1592.87,43.0,7.0,30.0,0.0,0.0,188.0,186.0,0.162879,0.0265152,0.138889,0.0,0.0,0.712121,0.861111,0.0606061,0.0,16.0,0.0,2.0,3.0,0.666667,0.0113636,49.0,12.25,0.185606,11.0938,2949.0,2.51646,60.1837,0.925111,5.0,0.0,2.0,5.0,0.0,5.0,0.0,5.0,0.0,0.0,0.0,4.0,1171.88,331.729,1.01408,1.63922,1.71787,178.0,2.25514,4.38649,5.11021,284.0,366.26,1524.15,49.0,4941.0,2470.5,0.0,2.0,0.105263,311.0,340.0,216.0,3.01389,0.818182,864.0,253127.0,71653.6
instance_16,3.66518,16.344,3.2144,0.0,0.0,0.0,1.43494,1.75573,1.13901,0.0,1.71685,2.49959,2.0337,327.643,544.556,65.0,133.06,15.5369,2.0,2.0,1.0,224.0,0.0,0.82963,651.0,3661.06,720.026,0.0,0.0,56.0,0.0,0.0,165.0,214.0,0.0,0.0,0.207407,0.0,0.0,0.736607,0.792593,0.0,0.0,0.0,0.0,2.0,15.0,0.133333,0.0669643,1.0,0.328867,0.00446429,-1.38694,10001.0,2.83334,10001.0,0.533938,0.0,5.0,2.0,0.0,5.0,0.0,5.0,5.0,0.0,0.0,0.0,3.04074,3529.75,1724.03,0.483894,3.43363,3.52305,144.0,1.9356,1.82734,2.05257,520.0,403.92,1360.37,16.0,70201.0,35100.5,0.0,2.0,0.25,715.0,309.0,270.0,3.79259,1.20536,821.0,953033.0,465489.0
instance_57,7.77108,33.8696,4.30745,0.0,0.0,0.0,1.26467,1.26917,0.0260503,0.0,0.974876,3.23214,0.0,161.256,336.08,42.0,179.073,4.39232,2.0,7.32193,3.66096,83.0,0.0,0.805825,247.0,2811.17,357.518,61.0,0.0,0.0,0.0,0.0,21.0,103.0,0.73494,0.0,0.0,0.0,0.0,0.253012,1.0,0.0,0.0,0.0,0.0,1.0,1.0,1.0,0.0120482,1.0,0.15969,0.0120482,-0.659876,821.0,30.0936,821.0,10.0956,0.0,0.0,2.0,0.0,5.0,5.0,5.0,5.0,0.0,0.0,0.0,6.26214,27.2816,15.0372,1.27344,2.88182,5.31195,62.0,1.43939,2.36244,2.61906,103.0,186.347,445.526,22.0,821.0,821.0,0.0,8.0,0.909091,83.0,885.0,103.0,9.39806,1.24096,645.0,2810.0,1548.83
instance_8,5.27485,10.4311,1.90633,0.0,0.0,0.0,1.0522,1.26344,0.424876,63.0,2.0228,3.84485,1.70403,3966.98,5764.23,29.0,100.846,5.04232,1.0,1.0,1.0,2183.0,0.0,1.06644,6572.0,22771.1,4161.51,418.0,0.0,682.0,0.0,0.0,1559.0,1365.0,0.19148,0.0,0.33317,0.0,0.0,0.714155,0.66683,0.0,0.0,0.0,0.0,5.0,86.0,0.0581395,0.0393953,1.0,0.177768,0.000458085,-0.591498,29.0,3.44993,29.0,1.75654,0.0,0.0,2.0,0.0,5.0,5.0,5.0,5.0,0.0,0.0,0.0,5.62531,8.40596,3.50234,1.39008,1.39475,1.70647,1473.0,1.69188,2.2035,2.26575,3355.0,3478.49,4384.68,27.0,42.0,29.0,0.0,2.0,0.111111,2437.0,212.0,2047.0,1.29409,0.9377,11515.0,17207.0,7169.29
instance_55,2.80363,6.8064,2.17015,0.0,0.0,0.0,1.57996,2.59449,0.579017,28.0,0.461561,1.83747,1.4069,2246.87,3985.0,29.0,286.364,9.87461,2.0,2.0,1.0,1981.0,0.0,1.02856,5078.0,13483.5,4299.06,110.0,55.0,975.0,0.0,0.0,1005.0,951.0,0.0555275,0.0277638,0.506231,0.0,0.0,0.50732,0.493769,0.0136295,0.0,27.0,0.0,0.0,0.0,,0.0,1.0,0.346777,0.000504796,-0.383003,136.0,7.31869,136.0,0.977289,0.0,0.0,3.0,5.0,0.0,0.0,5.0,5.0,0.0,5.0,0.0,2.8837,18.5826,8.86668,1.70553,6.46553,6.78209,1844.0,0.436553,0.579357,0.442607,2683.0,2186.43,2714.3,33.0,1009.0,504.5,0.0,2.0,0.5,896.0,872.0,1926.0,0.917965,0.972236,5554.0,35790.0,17077.2
instance_48,,,,,,,,,,,,,,,,,,,,,,,,,,,,,,,,,,,,,,,,,,,,,,,,,,,,,,,,,,,,,,,,,,,,,,,,,,,,,,,,,,,,,,,,,,,,,,,
instance_53,2.82348,6.99339,2.20169,0.0,0.0,0.0,1.71188,2.80266,0.580135,32.0,0.424993,1.7745,1.37799,2836.87,5083.12,33.0,326.811,9.90335,2.0,2.0,1.0,2521.0,0.0,1.02563,6446.0,17630.3,5550.46,126.0,63.0,1243.0,0.0,0.0,1277.0,1215.0,0.0499802,0.0249901,0.505696,0.0,0.0,0.506545,0.494304,0.0122967,0.0,31.0,0.0,0.0,0.0,,0.0,1.0,0.345322,0.000396668,-0.357847,192.0,11.2019,192.0,1.53392,0.0,0.0,3.0,5.0,0.0,0.0,5.0,5.0,0.0,5.0,0.0,2.89585,17.14,8.13662,1.82949,6.65085,7.01556,2364.0,0.399467,0.534068,0.405426,3451.0,2767.47,3389.36,37.0,1010.0,505.0,0.0,2.0,0.5,1152.0,1124.0,2458.0,0.925956,0.97501,7118.0,42130.0,19999.8
instance_100,2.4261,4.89063,1.86595,0.0,0.0,0.0,0.795546,1.29454,0.42647,0.0,0.636943,3.20399,1.60536,1636.28,2738.14,33.0,50.3438,5.78136,2.0,1.0,0.5,1448.0,0.0,1.41961,3837.0,7081.63,2701.89,194.0,431.0,847.0,0.0,0.0,822.0,173.0,0.133978,0.297652,0.830392,0.0,0.0,0.56768,0.169608,0.0,0.0,0.0,0.0,1.0,1.0,1.0,0.000690608,1.0,0.29035,0.000690608,-0.506131,12.0,3.20587,12.0,1.13249,0.0,0.0,2.0,0.0,5.0,5.0,5.0,5.0,0.0,0.0,0.0,3.44412,3.74314,1.35937,1.40211,1.94781,2.35677,845.0,1.66802,1.13764,0.888445,1852.0,1375.92,1310.54,43.0,56.0,28.0,0.0,1.0,0.0952381,602.0,509.0,1020.0,1.08922,0.70442,3513.0,3818.0,1386.56
instance_99,2.60112,5.28293,1.76094,0.0,0.0,0.0,1.23544,1.73065,0.691108,0.0,1.10187,2.7167,1.50401,852.336,1250.61,74.0,91.8696,5.49185,2.0,2.0,1.0,712.0,0.0,1.03488,1884.0,3761.45,1253.79,141.0,267.0,339.0,0.0,0.0,303.0,349.0,0.198034,0.375,0.492733,0.0,0.0,0.425562,0.507267,0.0,0.0,0.0,0.0,1.0,1.0,1.0,0.00140449,1.0,0.37149,0.00140449,-0.458822,45.0,5.32325,45.0,2.38818,0.0,0.0,2.0,0.0,5.0,5.0,5.0,5.0,0.0,0.0,0.0,2.69186,8.45349,3.5157,1.36983,1.81027,1.98548,342.0,2.60296,1.57898,2.70995,1151.0,767.62,1106.24,35.0,45.0,45.0,0.0,1.0,0.0571429,722.0,214.0,688.0,1.36047,0.966292,1852.0,5816.0,2418.8
instance_56,6.73832,26.4606,3.92671,0.0,0.0,0.0,1.15246,1.17308,0.0239363,0.0,0.999709,3.0674,0.0,207.054,418.156,46.0,195.95,4.25977,2.0,7.22882,3.61441,107.0,0.0,0.884298,319.0,2831.28,420.158,75.0,0.0,0.0,0.0,0.0,31.0,121.0,0.700935,0.0,0.0,0.0,0.0,0.28972,1.0,0.0,0.0,0.0,0.0,1.0,1.0,1.0,0.00934579,1.0,0.167822,0.00934579,-0.505684,901.0,39.0197,901.0,10.9507,0.0,0.0,2.0,0.0,5.0,5.0,5.0,5.0,0.0,0.0,0.0,5.95868,23.0909,13.8223,1.64565,3.47189,5.86286,76.0,1.35712,2.6148,2.45113,121.0,197.549,485.881,32.0,901.0,901.0,0.0,10.0,0.4375,91.0,693.0,121.0,6.47934,1.13084,721.0,2794.0,1672.5
instance_40,2.91928,18.1593,6.28698,0.0,0.0,0.0,3.21214,3.0325,0.0630091,0.0,0.156111,3.0464,0.356751,470.552,1652.06,151.0,807.387,6.49185,1.0,6.49185,4.03841,446.0,0.0,1.13198,1342.0,8099.05,2803.99,0.0,0.0,0.0,0.0,0.0,442.0,394.0,0.0,0.0,0.0,0.0,0.0,0.991031,1.0,0.0,0.0,0.0,0.0,1.0,4.0,0.25,0.00896861,1.0,0.302611,0.00224215,-0.936989,17129.0,147.062,17129.0,19.8157,0.0,1.0,2.0,0.0,1.0,0.0,1.0,1.0,0.0,0.0,0.0,3.30457,116.475,72.3319,0.744287,7.37103,11.8969,152.0,1.37509,3.22311,3.85872,572.0,567.897,2384.91,10.0,17129.0,17129.0,0.0,3.0,1.5,363.0,544.0,394.0,2.30203,0.883408,1302.0,45891.0,28498.8
instance_50,,,,,,,,,,,,,,,,,,,,,,,,,,,,,,,,,,,,,,,,,,,,,,,,,,,,,,,,,,,,,,,,,,,,,,,,,,,,,,,,,,,,,,,,,,,,,,,
instance_46,,,,,,,,,,,,,,,,,,,,,,,,,,,,,,,,,,,,,,,,,,,,,,,,,,,,,,,,,,,,,,,,,,,,,,,,,,,,,,,,,,,,,,,,,,,,,,,
instance_35,2.88255,7.53884,2.81203,0.0,0.0,0.0,0.871095,1.4102,0.814154,15.0,1.29551,2.84316,1.79854,387.244,751.52,14.0,119.797,15.9773,2.0,2.0,1.0,298.0,0.0,1.04561,852.0,2246.57,837.984,54.0,14.0,236.0,0.0,0.0,228.0,49.0,0.181208,0.0469799,0.82807,0.0,0.0,0.765101,0.17193,0.0,0.0,0.0,0.0,1.0,2.0,0.5,0.00671141,1.0,0.331781,0.0033557,-0.531786,64513.0,56.369,64513.0,9.32762,0.0,5.0,2.0,0.0,5.0,0.0,5.0,5.0,0.0,0.0,0.0,3.01404,1144.48,685.105,1.25656,5.93602,6.90035,269.0,0.735642,1.03036,0.876457,283.0,348.62,660.135,28.0,64513.0,64513.0,0.0,2.0,0.25,28.0,211.0,285.0,0.838596,0.956376,859.0,326176.0,195255.0
instance_97,2.29793,4.73318,2.12795,0.0,0.0,0.0,0.364678,1.09354,0.680621,0.0,0.856289,2.17891,1.44453,11487.5,19140.6,16.0,107.892,6.84799,2.0,2.0,1.0,9905.0,0.0,1.4215,24055.0,46882.1,21077.3,2676.0,3128.0,6620.0,0.0,0.0,4099.0,348.0,0.270167,0.3158,0.950057,0.0,0.0,0.413831,0.0499426,0.0,0.0,0.0,0.0,1.0,2.0,0.5,0.000201918,1.0,0.306138,0.000100959,-0.244747,299.0,86.7844,299.0,17.1486,0.0,0.0,2.0,0.0,5.0,5.0,5.0,5.0,0.0,0.0,0.0,3.2665,3.44532,1.29525,2.83502,5.0024,5.58117,6634.0,0.823144,0.384949,0.776803,12938.0,8253.43,7386.5,198.0,299.0,299.0,0.0,1.0,0.133333,629.0,5990.0,6968.0,0.949914,0.703483,22761.0,24007.0,9025.32
instance_18,3.87342,17.6079,3.39064,0.0,0.0,0.0,2.0834,1.99771,1.0731,0.0,1.50844,2.32674,1.98388,681.061,1199.66,145.0,287.493,15.8181,2.0,2.0,1.0,474.0,0.0,0.80339,1356.0,8346.17,1607.17,0.0,0.0,126.0,0.0,0.0,370.0,464.0,0.0,0.0,0.213559,0.0,0.0,0.780591,0.786441,0.0,0.0,0.0,0.0,2.0,15.0,0.133333,0.0316456,1.0,0.321351,0.0021097,-0.878109,10001.0,2.89066,10001.0,0.533704,0.0,5.0,2.0,0.0,5.0,0.0,5.0,5.0,0.0,0.0,0.0,3.11186,3459.77,1699.4,0.772853,3.54252,3.61073,324.0,1.80164,1.75921,1.94817,1170.0,879.89,2944.79,36.0,70201.0,35100.5,0.0,2.0,0.25,1585.0,634.0,590.0,3.76102,1.24473,1836.0,2041260.0,1002640.0
instance_71,2.49562,3.26965,1.29065,0.0,0.0,0.0,1.10699,1.21271,0.406658,0.0,1.11116,1.97764,0.86074,4188.3,5139.36,106.0,117.609,5.2608,2.0,2.0,1.0,3428.0,0.0,1.79476,8255.0,11208.4,4424.35,667.0,1738.0,1756.0,0.0,0.0,918.0,154.0,0.194574,0.507001,0.919372,0.0,0.0,0.267795,0.0806283,0.0,0.0,0.0,0.0,0.0,0.0,,0.0,1.0,0.223261,0.000291715,-0.473728,6247.0,1142.12,6247.0,43.6846,0.0,0.0,2.0,0.0,5.0,5.0,5.0,5.0,0.0,0.0,0.0,4.47906,5.46963,4.04695,1.63963,26.1219,35.3082,1714.0,2.4107,0.207349,0.882961,2015.0,3175.82,2006.54,76.0,6247.0,6247.0,0.0,2.0,0.0526316,377.0,423.0,1910.0,0.418848,0.557176,8555.0,10447.0,7729.67
instance_41,4.04709,19.0514,3.30295,0.0,0.0,0.0,1.12012,2.03343,0.834725,0.0,1.74751,2.24067,1.34785,1929.68,3250.27,49.0,588.017,12.0004,2.0,2.0,1.0,1168.0,0.0,1.95973,2837.0,22252.1,3857.84,90.0,449.0,347.0,0.0,0.0,365.0,249.0,0.0770548,0.384418,0.582215,0.0,0.0,0.3125,0.417785,0.0,0.0,0.0,0.0,1.0,264.0,0.00378788,0.226027,1.0,0.126084,0.000856164,-1.13865,11701.0,16.0437,11701.0,6.80612,0.0,0.0,2.0,0.0,5.0,5.0,5.0,5.0,0.0,0.0,0.0,7.93121,729.322,69.803,0.7675,2.21032,7.08564,353.0,2.80482,0.68154,1.54102,1297.0,1525.74,1741.55,57.0,11701.0,11701.0,0.0,2.0,0.0350877,880.0,793.0,596.0,2.80705,0.510274,4727.0,434676.0,41602.6
instance_91,3.63286,8.91765,2.7583,0.0,0.0,0.0,2.35203,6.85444,1.12127,0.0,0.704323,3.04853,2.04836,5824.98,10313.9,349.0,4148.99,14.4939,2.0,2.0,1.0,4772.0,0.0,1.03807,12653.0,42555.0,13162.6,0.0,0.0,1692.0,0.0,0.0,3051.0,2905.0,0.0,0.0,0.368066,0.0,0.0,0.639355,0.631934,0.0,0.0,0.0,0.0,1.0,29.0,0.0344828,0.00607712,1.0,0.265171,0.000209556,-0.881186,473782000.0,2298.15,473782000.0,67.6195,0.0,1.0,2.0,0.0,1.0,0.0,1.0,1.0,0.0,0.0,0.0,3.77116,206158.0,154609.0,0.833909,33.9717,45.2161,4129.0,2.30774,1.86491,2.25793,12042.0,7421.83,13686.0,46.0,473782000.0,473782000.0,0.0,2.0,0.130435,8196.0,1289.0,4597.0,2.0633,0.963328,17336.0,947710000.0,710736000.0
instance_13,2.87904,3.27884,1.20307,0.0,0.0,0.0,2.37983,2.1133,0.326055,0.0,1.60139,2.19369,0.794302,15822.1,18311.4,226.0,232.82,7.82018,1.0,2.0,1.0,12054.0,0.0,1.21979,27687.0,39523.2,14501.8,3986.0,1904.0,6845.0,0.0,0.0,2515.0,3037.0,0.330679,0.157956,0.692674,0.0,0.0,0.208644,0.307326,0.0696864,0.0,840.0,0.0,0.0,0.0,,0.0,0.0,0.0,0.0,0.0,0.0,0.0,0.0,0.0,0.0,0.0,1.0,0.0,5.0,5.0,5.0,5.0,0.0,0.0,0.0,3.51184,2.18185,0.909409,1.09665,1.82001,2.76663,9718.0,1.1944,0.160691,0.622001,11911.0,13878.6,10309.1,27.0,226.0,226.0,0.0,2.0,0.0740741,2421.0,1438.0,9882.0,0.390508,0.819811,34704.0,21561.0,8986.78
instance_81,2.94712,2.95185,1.00074,0.0,0.0,0.0,0.488125,0.49928,0.0166215,0.0,1.18798,1.1902,0.000503628,48240.6,48270.6,25.0,58.0482,2.32193,1.0,1.0,1.0,32637.0,0.0,2.06825,96231.0,96339.7,32661.2,2188.0,1616.0,12840.0,0.0,0.0,27465.0,2940.0,0.0670405,0.0495144,0.813688,0.0,0.0,0.84153,0.186312,0.0,0.0,0.0,0.0,0.0,0.0,,0.0,0.0,0.0,0.0,0.0,0.0,0.0,0.0,0.0,0.0,0.0,1.0,0.0,5.0,0.0,5.0,5.0,0.0,5.0,0.0,6.09537,2.01445,0.889764,2.28677,0.103103,0.416183,14880.0,1.30511,0.0440063,0.493224,15065.0,23081.6,15880.5,153.0,5.0,5.0,0.0,2.0,0.0130719,693.0,69.0,15780.0,0.048289,0.4835,96185.0,31788.0,14040.5
instance_12,2.75627,3.18185,1.21657,0.0,0.0,0.0,2.11849,1.86568,0.33199,0.0,1.4762,2.09287,0.825535,10811.3,12679.5,170.0,176.409,7.40939,1.0,2.0,1.0,8497.0,0.0,1.23611,19680.0,27036.2,10337.2,2618.0,1416.0,4757.0,0.0,0.0,1894.0,2117.0,0.308109,0.166647,0.692028,0.0,0.0,0.222902,0.307972,0.0734377,0.0,624.0,0.0,0.0,0.0,,0.0,0.0,0.0,0.0,0.0,0.0,0.0,0.0,0.0,0.0,0.0,1.0,0.0,5.0,5.0,5.0,5.0,0.0,0.0,0.0,3.40704,2.19625,0.906051,0.945796,1.63497,2.50399,6758.0,1.26425,0.17195,0.650492,8247.0,9695.29,7198.67,19.0,170.0,170.0,0.0,2.0,0.105263,1661.0,940.0,6874.0,0.378382,0.808991,23420.0,15097.0,6228.2
instance_54,2.82348,6.99335,2.20169,0.0,0.0,0.0,1.71188,2.80258,0.580126,32.0,0.424993,1.77242,1.37799,2836.87,5083.12,33.0,326.71,9.90029,2.0,2.0,1.0,2521.0,0.0,1.02563,6446.0,17630.2,5550.45,126.0,63.0,1243.0,0.0,0.0,1277.0,1215.0,0.0499802,0.0249901,0.505696,0.0,0.0,0.506545,0.494304,0.0122967,0.0,31.0,0.0,0.0,0.0,,0.0,1.0,0.345322,0.000396668,-0.357847,181.0,10.5656,181.0,1.43808,0.0,0.0,3.0,5.0,0.0,0.0,5.0,5.0,0.0,5.0,0.0,2.89585,17.131,8.12991,1.82949,6.65167,7.01724,2364.0,0.399467,0.531286,0.407076,3451.0,2767.47,3389.26,37.0,1010.0,505.0,0.0,2.0,0.5,1152.0,1124.0,2458.0,0.925956,0.97501,7118.0,42108.0,19983.3
instance_5,2.78059,9.52003,3.42974,0.0,0.0,0.0,1.79325,0.856931,0.650545,0.0,1.02998,3.18638,1.57639,305.48,625.204,79.0,84.3038,6.35755,2.0,2.0,1.0,237.0,0.0,0.752381,633.0,2256.25,812.848,0.0,0.0,78.0,0.0,0.0,159.0,237.0,0.0,0.0,0.247619,0.0,0.0,0.670886,0.752381,0.0,0.0,0.0,0.0,0.0,0.0,,0.0,1.0,0.477997,0.00421941,-1.31779,79.0,2.22406,79.0,1.12315,5.0,0.0,3.0,5.0,0.0,5.0,0.0,5.0,0.0,0.0,0.0,2.09206,35.5206,17.2426,0.396121,1.08984,1.12889,183.0,1.72383,1.83,2.4088,315.0,295.554,1033.97,5.0,83.0,79.0,0.0,2.0,0.666667,181.0,80.0,315.0,0.828571,1.32911,659.0,11189.0,5431.42
instance_96,2.74359,8.69044,3.07143,0.0,0.0,0.0,0.276452,0.455993,0.399221,0.0,0.996694,3.32839,1.8379,110.418,223.1,8.0,14.5601,6.04439,2.0,2.0,1.0,78.0,0.0,0.438202,224.0,677.854,239.572,0.0,8.0,16.0,0.0,0.0,69.0,162.0,0.0,0.102564,0.0898876,0.0,0.0,0.884615,0.910112,0.0,0.0,0.0,0.0,1.0,1.0,1.0,0.0128205,1.0,0.831776,0.0128205,-0.139393,66.0,7.42604,66.0,4.26291,0.0,0.0,2.0,0.0,5.0,5.0,5.0,5.0,0.0,0.0,0.0,1.20225,8.88764,4.27512,1.20684,1.50743,1.87317,69.0,4.6498,2.58123,5.75536,264.0,103.406,296.712,7.0,66.0,66.0,0.0,1.0,0.857143,176.0,89.0,178.0,1.48876,2.28205,214.0,1582.0,760.971
instance_94,3.15237,11.7808,3.83506,0.0,0.0,0.0,3.04298,8.14559,0.791561,0.0,1.39279,4.79626,2.50075,3475.01,7389.54,478.0,4898.58,11.368,2.0,2.0,1.0,2612.0,0.0,1.01476,7299.0,30771.5,10017.2,0.0,0.0,558.0,0.0,0.0,2033.0,2016.0,0.0,0.0,0.216783,0.0,0.0,0.778331,0.783217,0.0,0.0,0.0,0.0,1.0,21.0,0.047619,0.00803982,1.0,0.312606,0.000382848,-0.928188,30938200.0,1285.97,30938200.0,50.6438,0.0,1.0,2.0,0.0,1.0,0.0,1.0,1.0,0.0,0.0,0.0,3.19891,24058.3,18037.5,0.740576,25.3727,33.808,2233.0,1.83919,3.42077,3.69008,3819.0,3725.28,11890.0,25.0,30938200.0,30938200.0,0.0,2.0,0.2,1649.0,697.0,2574.0,0.911422,0.985452,8234.0,61926000.0,46428600.0
instance_63,2.78947,17.8368,6.61503,0.0,0.0,0.0,1.33078,1.26808,0.0567495,0.0,0.380891,0.380891,0.127419,65.8704,221.052,26.0,173.113,7.02588,2.0,13.3164,3.82911,57.0,0.0,1.11765,172.0,1016.7,377.057,0.0,0.0,0.0,0.0,0.0,54.0,51.0,0.0,0.0,0.0,0.0,0.0,0.947368,1.0,0.0,0.0,0.0,0.0,2.0,3.0,0.666667,0.0526316,1.0,0.320755,0.0175439,-1.51767,1001.0,9.70736,1001.0,6.80384,0.0,0.0,2.0,0.0,5.0,0.0,5.0,5.0,0.0,5.0,0.0,3.11765,103.118,45.7193,0.447558,1.27977,2.97139,8.0,2.34733,0.761105,2.43614,84.0,74.1553,297.612,6.0,1001.0,1001.0,0.0,2.0,2.0,126.0,96.0,51.0,4.35294,0.894737,159.0,5259.0,2331.68
instance_37,2.73077,15.363,5.69283,0.0,0.0,0.0,1.78778,1.65587,0.0731359,0.0,0.321191,2.61178,0.786858,198.777,654.615,54.0,256.893,5.88264,1.0,5.88264,3.44132,182.0,0.0,1.3,550.0,2796.06,1036.1,0.0,0.0,0.0,0.0,0.0,178.0,140.0,0.0,0.0,0.0,0.0,0.0,0.978022,1.0,0.0,0.0,0.0,0.0,1.0,4.0,0.25,0.021978,1.0,0.28169,0.00549451,-0.86501,3968.0,52.137,3968.0,11.7742,0.0,1.0,2.0,0.0,1.0,0.0,1.0,1.0,0.0,0.0,0.0,3.55,76.1071,47.0661,0.830406,4.34314,7.0694,55.0,1.3677,2.89225,3.47403,198.0,206.742,762.801,11.0,3968.0,3968.0,0.0,2.0,1.0,123.0,184.0,140.0,2.19286,0.769231,497.0,10655.0,6589.25
instance_29,8.90909,12.4313,1.86824,0.0,0.0,0.0,2.64251,2.4744,0.876352,0.0,1.65494,3.10138,1.38076,621.76,865.671,92.0,312.381,7.94251,1.0,1.0,1.0,429.0,0.0,0.934641,1140.0,5333.02,801.477,181.0,1.0,124.0,0.0,0.0,125.0,335.0,0.421911,0.002331,0.270153,0.0,0.0,0.291375,0.729847,0.0,0.0,0.0,0.0,1.0,2.0,0.5,0.004662,4.0,0.480377,0.00932401,-0.382833,236.0,11.693,59.0,3.44822,0.0,0.0,2.0,0.0,5.0,0.0,5.0,5.0,0.0,5.0,0.0,8.3268,20.183,4.66298,1.35731,3.10102,3.3197,290.0,2.08624,1.38969,2.07605,398.0,931.982,743.566,31.0,246.0,123.0,0.0,1.0,0.0645161,304.0,487.0,459.0,1.72331,1.06993,3822.0,9264.0,2140.31
instance_28,5.59763,10.4205,2.21837,0.0,0.0,0.0,2.78946,2.02309,0.771102,0.0,1.89972,3.33892,1.732,1568.11,2363.15,92.0,318.646,7.94251,1.0,1.0,1.0,1014.0,0.0,1.10458,3010.0,10566.4,2249.43,296.0,121.0,583.0,0.0,0.0,475.0,335.0,0.291913,0.119329,0.635076,0.0,0.0,0.468442,0.364924,0.0,0.0,0.0,0.0,1.0,2.0,0.5,0.00197239,4.0,0.646934,0.00394477,-0.230855,236.0,21.215,59.0,4.97799,0.0,0.0,2.0,0.0,5.0,0.0,5.0,5.0,0.0,5.0,0.0,6.18301,11.1242,2.03681,1.52938,4.06089,4.5308,758.0,1.70171,0.892915,1.37173,857.0,1547.86,1223.85,41.0,246.0,123.0,0.0,1.0,0.0645161,320.0,471.0,918.0,0.861656,0.905325,5676.0,10212.0,1869.79
instance_31,2.88255,6.71664,2.56761,0.0,0.0,0.0,0.871095,0.887901,0.561151,15.0,1.29551,2.84316,1.75166,387.244,739.638,14.0,60.2025,9.34207,2.0,2.0,1.0,298.0,0.0,1.04561,852.0,2001.56,765.146,54.0,14.0,236.0,0.0,0.0,228.0,49.0,0.181208,0.0469799,0.82807,0.0,0.0,0.765101,0.17193,0.0,0.0,0.0,0.0,1.0,2.0,0.5,0.00671141,1.0,0.331781,0.0033557,-0.531786,649.0,26.9786,649.0,7.89506,0.0,5.0,2.0,0.0,5.0,0.0,5.0,5.0,0.0,0.0,0.0,3.01404,24.0561,12.8525,1.25656,3.29048,4.00707,269.0,0.735642,1.03036,0.876457,283.0,348.62,534.311,28.0,649.0,649.0,0.0,2.0,0.25,28.0,211.0,285.0,0.838596,0.956376,859.0,6856.0,3662.95
instance_33,2.84052,6.57405,2.50349,0.0,0.0,0.0,0.764866,0.891515,0.598602,13.0,1.35743,3.03073,1.78463,303.941,565.639,12.0,53.6526,9.14975,2.0,2.0,1.0,232.0,0.0,1.04977,660.0,1525.18,580.81,46.0,12.0,178.0,0.0,0.0,172.0,43.0,0.198276,0.0517241,0.80543,0.0,0.0,0.741379,0.19457,0.0,0.0,0.0,0.0,1.0,2.0,0.5,0.00862069,1.0,0.335357,0.00431034,-0.569137,568.0,22.8191,568.0,7.1213,0.0,5.0,2.0,0.0,5.0,0.0,5.0,5.0,0.0,0.0,0.0,2.9819,24.8914,13.4373,1.16781,3.06393,3.7371,207.0,0.788973,1.13574,0.94526,219.0,271.997,434.191,24.0,568.0,568.0,0.0,2.0,0.285714,24.0,210.0,221.0,1.05882,0.952586,659.0,5501.0,2969.65
instance_30,5.13006,10.021,2.22451,0.0,0.0,0.0,2.72975,1.89824,0.760528,0.0,1.90044,3.14621,1.59082,1973.8,2961.77,92.0,310.664,7.87652,1.0,1.0,1.0,1261.0,0.0,1.12791,3798.0,12636.5,2805.11,343.0,174.0,783.0,0.0,0.0,622.0,335.0,0.272006,0.137986,0.700358,0.0,0.0,0.493259,0.299642,0.0,0.0,0.0,0.0,1.0,2.0,0.5,0.00158604,4.0,0.691297,0.00317209,-0.193758,225.0,24.6811,56.25,5.51093,0.0,0.0,2.0,0.0,5.0,0.0,5.0,5.0,0.0,5.0,0.0,5.78623,9.11628,1.59914,1.59324,4.29712,4.66671,949.0,1.63615,0.757836,1.18764,1057.0,1793.26,1397.25,51.0,235.0,117.5,0.0,1.0,0.0645161,302.0,489.0,1118.0,0.707513,0.886598,6469.0,10192.0,1787.84
