instance,feature_1,feature_2,feature_3,feature_4,feature_5,feature_6,feature_7,feature_8,feature_9,feature_10,feature_11,feature_12,feature_13,feature_14,feature_15,feature_16,feature_17,feature_18,feature_19,feature_20,feature_21,feature_22,feature_23,feature_24,feature_25,feature_26,feature_27,feature_28,feature_29,feature_30,feature_31,feature_32,feature_33,feature_34,feature_35,feature_36,feature_37,feature_38,feature_39,feature_40,feature_41,feature_42,feature_43,feature_44,feature_45,feature_46,feature_47,feature_48,feature_49,feature_50,feature_51,feature_52,feature_53,feature_54,feature_55,feature_56,feature_57,feature_58,feature_59,feature_60,feature_61,feature_62,feature_63,feature_64,feature_65,feature_66,feature_67,feature_68,feature_69,feature_70,feature_71,feature_72,feature_73,feature_74,feature_75,feature_76,feature_77,feature_78,feature_79,feature_80,feature_81,feature_82,feature_83,feature_84,feature_85,feature_86,feature_87,feature_88,feature_89,feature_90,feature_91,feature_92,feature_93,feature_94,feature_95
instance_2,2.76451,9.83904,3.5778,0.0,0.0,0.0,1.9818,0.881417,0.65678,0.0,1.02082,3.34792,1.61355,374.63,782.904,96.0,101.585,6.63902,2.0,2.0,1.0,293.0,0.0,0.755155,784.0,2882.84,1048.3,0.0,0.0,95.0,0.0,0.0,198.0,293.0,0.0,0.0,0.244845,0.0,0.0,0.675768,0.755155,0.0,0.0,0.0,0.0,0.0,0.0,,0.0,1.0,0.479012,0.00341297,-1.33116,96.0,2.22018,96.0,1.11784,5.0,0.0,3.0,5.0,0.0,5.0,0.0,5.0,0.0,0.0,0.0,2.08763,43.2397,20.9491,0.391379,1.09155,1.1249,228.0,1.66396,1.88597,2.46866,388.0,364.669,1329.38,6.0,101.0,96.0,0.0,2.0,0.666667,221.0,97.0,388.0,0.819588,1.32423,810.0,16777.0,8128.27
instance_9,5.26369,10.4239,1.90887,0.0,0.0,0.0,1.05198,1.26475,0.424711,63.0,2.02318,3.84407,1.70575,3945.02,5738.23,28.0,100.846,5.04232,1.0,1.0,1.0,2173.0,0.0,1.06676,6545.0,22651.1,4147.98,414.0,0.0,679.0,0.0,0.0,1556.0,1358.0,0.19052,0.0,0.333333,0.0,0.0,0.716061,0.666667,0.0,0.0,0.0,0.0,5.0,86.0,0.0581395,0.0395766,1.0,0.178091,0.000460193,-0.593574,26.0,3.08277,26.0,1.49588,0.0,0.0,2.0,0.0,5.0,5.0,5.0,5.0,0.0,0.0,0.0,5.61512,8.43397,3.51319,1.38468,1.39234,1.70295,1463.0,1.71473,2.20699,2.27117,3342.0,3463.81,4372.18,29.0,42.0,26.0,0.0,2.0,0.103448,2434.0,209.0,2037.0,1.2975,0.937414,11438.0,17180.0,7156.38
instance_10,5.28433,10.4643,1.91066,0.0,0.0,0.0,1.04929,1.26087,0.424092,63.0,2.02819,3.84601,1.70562,3950.46,5744.79,28.0,100.846,5.04232,1.0,1.0,1.0,2170.0,0.0,1.06686,6539.0,22707.5,4146.12,417.0,0.0,676.0,0.0,0.0,1553.0,1358.0,0.192166,0.0,0.33235,0.0,0.0,0.715668,0.66765,0.0,0.0,0.0,0.0,5.0,86.0,0.0581395,0.0396313,1.0,0.177379,0.000460829,-0.592475,23.0,2.724,23.0,1.23925,0.0,0.0,2.0,0.0,5.0,5.0,5.0,5.0,0.0,0.0,0.0,5.63766,8.44346,3.51681,1.38845,1.39116,1.70059,1460.0,1.69694,2.20874,2.27572,3336.0,3460.59,4370.76,28.0,42.0,23.0,0.0,2.0,0.107143,2431.0,206.0,2034.0,1.29646,0.937327,11467.0,17174.0,7153.2
instance_11,2.99119,3.37381,1.19435,0.0,0.0,0.0,2.32199,2.07869,0.32315,0.0,1.70699,2.28246,0.775131,16957.0,19446.4,226.0,232.82,7.82018,1.0,2.0,1.0,12595.0,0.0,1.2085,28770.0,42493.2,15042.8,4337.0,1904.0,7196.0,0.0,0.0,2516.0,3226.0,0.344343,0.151171,0.690462,0.0,0.0,0.199762,0.309538,0.0666931,0.0,840.0,0.0,0.0,0.0,,0.0,0.0,0.0,0.0,0.0,0.0,0.0,0.0,0.0,0.0,0.0,1.0,0.0,5.0,5.0,5.0,5.0,0.0,0.0,0.0,3.61485,2.17242,0.912533,1.26469,1.78002,2.68539,10258.0,1.17239,0.154063,0.601875,12640.0,14576.4,10849.1,37.0,226.0,226.0,0.0,2.0,0.0540541,2610.0,1627.0,10422.0,0.406544,0.827471,37674.0,22641.0,9510.42
instance_16,3.66518,16.344,3.2144,0.0,0.0,0.0,1.43494,1.75573,1.13901,0.0,1.71685,2.49959,2.0337,327.643,544.556,65.0,133.06,15.5369,2.0,2.0,1.0,224.0,0.0,0.82963,651.0,3661.06,720.026,0.0,0.0,56.0,0.0,0.0,165.0,214.0,0.0,0.0,0.207407,0.0,0.0,0.736607,0.792593,0.0,0.0,0.0,0.0,2.0,15.0,0.133333,0.0669643,1.0,0.328867,0.00446429,-1.38694,10001.0,2.83334,10001.0,0.533938,0.0,5.0,2.0,0.0,5.0,0.0,5.0,5.0,0.0,0.0,0.0,3.04074,3529.75,1724.03,0.483894,3.43363,3.52305,144.0,1.9356,1.82734,2.05257,520.0,403.92,1360.37,16.0,70201.0,35100.5,0.0,2.0,0.25,715.0,309.0,270.0,3.79259,1.20536,821.0,953033.0,465489.0
instance_22,4.04352,12.0534,1.64648,0.0,0.0,0.0,2.79887,4.17599,0.523205,0.0,0.976532,3.67616,1.52977,5182.18,7854.7,119.0,391.269,10.2468,1.0,1.0,1.0,4711.0,0.0,1.82103,13000.0,56783.4,7756.58,210.0,1126.0,1871.0,0.0,0.0,3317.0,716.0,0.0445765,0.239015,0.723232,0.0,0.0,0.704097,0.276768,0.0,0.0,0.0,0.0,3.0,58.0,0.0517241,0.0123116,1.0,0.135808,0.000212269,-0.389151,54660.0,2115.96,54660.0,50.8481,0.0,5.0,2.0,0.0,5.0,0.0,5.0,5.0,0.0,0.0,0.0,7.36336,25.8322,22.3338,2.22071,41.5937,48.1085,1986.0,1.76336,0.868154,0.68462,3524.0,4248.93,3440.81,110.0,54660.0,54660.0,0.0,2.0,0.0322581,874.0,461.0,2587.0,0.516042,0.54914,19049.0,66828.0,57777.4
instance_27,5.9292,10.6932,2.18721,0.0,0.0,0.0,2.78177,2.0701,0.785012,0.0,1.92693,3.27533,1.60582,1407.3,2092.24,92.0,315.625,7.97154,1.0,1.0,1.0,904.0,0.0,1.07747,2660.0,9666.64,1977.23,276.0,96.0,504.0,0.0,0.0,410.0,335.0,0.30531,0.106195,0.600715,0.0,0.0,0.45354,0.399285,0.0,0.0,0.0,0.0,1.0,2.0,0.5,0.00221239,4.0,0.626119,0.00442478,-0.250182,241.0,19.8157,60.25,4.75085,0.0,0.0,2.0,0.0,5.0,0.0,5.0,5.0,0.0,5.0,0.0,6.38856,12.1621,2.20636,1.49443,3.96048,4.51309,679.0,1.70674,0.870229,1.34032,808.0,1447.32,1131.28,36.0,251.0,125.5,0.0,1.0,0.0645161,345.0,506.0,839.0,1.0143,0.928097,5360.0,10204.0,1851.13
instance_31,2.88255,6.71664,2.56761,0.0,0.0,0.0,0.871095,0.887901,0.561151,15.0,1.29551,2.84316,1.75166,387.244,739.638,14.0,60.2025,9.34207,2.0,2.0,1.0,298.0,0.0,1.04561,852.0,2001.56,765.146,54.0,14.0,236.0,0.0,0.0,228.0,49.0,0.181208,0.0469799,0.82807,0.0,0.0,0.765101,0.17193,0.0,0.0,0.0,0.0,1.0,2.0,0.5,0.00671141,1.0,0.331781,0.0033557,-0.531786,649.0,26.9786,649.0,7.89506,0.0,5.0,2.0,0.0,5.0,0.0,5.0,5.0,0.0,0.0,0.0,3.01404,24.0561,12.8525,1.25656,3.29048,4.00707,269.0,0.735642,1.03036,0.876457,283.0,348.62,534.311,28.0,649.0,649.0,0.0,2.0,0.25,28.0,211.0,285.0,0.838596,0.956376,859.0,6856.0,3662.95
instance_33,2.84052,6.57405,2.50349,0.0,0.0,0.0,0.764866,0.891515,0.598602,13.0,1.35743,3.03073,1.78463,303.941,565.639,12.0,53.6526,9.14975,2.0,2.0,1.0,232.0,0.0,1.04977,660.0,1525.18,580.81,46.0,12.0,178.0,0.0,0.0,172.0,43.0,0.198276,0.0517241,0.80543,0.0,0.0,0.741379,0.19457,0.0,0.0,0.0,0.0,1.0,2.0,0.5,0.00862069,1.0,0.335357,0.00431034,-0.569137,568.0,22.8191,568.0,7.1213,0.0,5.0,2.0,0.0,5.0,0.0,5.0,5.0,0.0,0.0,0.0,2.9819,24.8914,13.4373,1.16781,3.06393,3.7371,207.0,0.788973,1.13574,0.94526,219.0,271.997,434.191,24.0,568.0,568.0,0.0,2.0,0.285714,24.0,210.0,221.0,1.05882,0.952586,659.0,5501.0,2969.65
instance_34,2.84052,7.32346,2.73057,0.0,0.0,0.0,0.764866,1.31886,0.818779,13.0,1.35743,3.03073,1.84366,303.941,574.676,12.0,95.798,14.4308,2.0,2.0,1.0,232.0,0.0,1.04977,660.0,1699.04,633.492,46.0,12.0,178.0,0.0,0.0,172.0,43.0,0.198276,0.0517241,0.80543,0.0,0.0,0.741379,0.19457,0.0,0.0,0.0,0.0,1.0,2.0,0.5,0.00862069,1.0,0.335357,0.00431034,-0.569137,22086.0,43.16,22086.0,8.15877,0.0,5.0,2.0,0.0,5.0,0.0,5.0,5.0,0.0,0.0,0.0,2.9819,511.724,305.537,1.16781,5.16744,6.01328,207.0,0.788973,1.13574,0.94526,219.0,271.997,523.763,24.0,22086.0,22086.0,0.0,2.0,0.285714,24.0,210.0,221.0,1.05882,0.952586,659.0,113091.0,67523.6
instance_38,2.48312,14.9305,6.11686,0.0,0.0,0.0,2.86457,2.51538,0.0603253,0.0,0.148196,2.81466,0.367529,491.86,1728.91,151.0,784.361,6.30378,1.0,6.30378,3.65189,474.0,0.0,1.20305,1426.0,7077.06,2899.39,0.0,0.0,0.0,0.0,0.0,470.0,394.0,0.0,0.0,0.0,0.0,0.0,0.991561,1.0,0.0,0.0,0.0,0.0,1.0,4.0,0.25,0.00843882,1.0,0.334749,0.0021097,-1.06383,14030.0,140.718,14030.0,19.8149,0.0,1.0,2.0,0.0,1.0,0.0,1.0,1.0,0.0,0.0,0.0,2.98731,99.703,61.4825,0.625335,7.05117,11.4622,152.0,1.30004,3.11866,3.77284,391.0,541.993,2316.18,9.0,14030.0,14030.0,0.0,2.0,1.0,182.0,182.0,394.0,0.923858,0.831224,1177.0,39283.0,24224.1
instance_42,4.13267,19.7907,3.35485,0.0,0.0,0.0,1.11432,2.00204,0.826173,0.0,1.761,2.22793,1.35766,1859.25,3138.55,49.0,588.017,12.0004,2.0,2.0,1.0,1108.0,0.0,1.97857,2681.0,21928.1,3717.17,78.0,425.0,311.0,0.0,0.0,341.0,249.0,0.0703971,0.383574,0.555357,0.0,0.0,0.307762,0.444643,0.0,0.0,0.0,0.0,1.0,264.0,0.00378788,0.238267,1.0,0.122297,0.000902527,-1.21516,11701.0,15.0771,11701.0,6.61266,0.0,0.0,2.0,0.0,5.0,5.0,5.0,5.0,0.0,0.0,0.0,8.17679,776.079,74.4285,0.722293,2.12881,6.85176,317.0,2.82678,0.706948,1.58106,1261.0,1462.51,1705.55,45.0,11701.0,11701.0,0.0,2.0,0.0444444,880.0,793.0,560.0,2.9875,0.505415,4579.0,434604.0,41680.0
instance_43,4.28881,21.0451,3.41669,0.0,0.0,0.0,1.13495,1.98919,0.809639,0.0,1.72778,2.13055,1.33666,2311.58,3901.85,57.0,684.02,12.0004,2.0,2.0,1.0,1340.0,0.0,2.17532,3185.0,28200.5,4578.36,78.0,525.0,327.0,0.0,0.0,373.0,289.0,0.058209,0.391791,0.530844,0.0,0.0,0.278358,0.469156,0.0,0.0,0.0,0.0,1.0,364.0,0.00274725,0.271642,1.0,0.107186,0.000746269,-1.23095,13651.0,16.7448,13651.0,7.56283,0.0,0.0,2.0,0.0,5.0,5.0,5.0,5.0,0.0,0.0,0.0,9.32955,815.237,72.0998,0.725305,2.08187,7.78988,333.0,2.79616,0.724961,1.59454,1381.0,1692.87,1937.78,45.0,13651.0,13651.0,0.0,2.0,0.0444444,1024.0,817.0,616.0,2.98864,0.459701,5747.0,502186.0,44413.5
instance_46,,,,,,,,,,,,,,,,,,,,,,,,,,,,,,,,,,,,,,,,,,,,,,,,,,,,,,,,,,,,,,,,,,,,,,,,,,,,,,,,,,,,,,,,,,,,,,,
instance_48,,,,,,,,,,,,,,,,,,,,,,,,,,,,,,,,,,,,,,,,,,,,,,,,,,,,,,,,,,,,,,,,,,,,,,,,,,,,,,,,,,,,,,,,,,,,,,,
instance_49,,,,,,,,,,,,,,,,,,,,,,,,,,,,,,,,,,,,,,,,,,,,,,,,,,,,,,,,,,,,,,,,,,,,,,,,,,,,,,,,,,,,,,,,,,,,,,,
instance_50,,,,,,,,,,,,,,,,,,,,,,,,,,,,,,,,,,,,,,,,,,,,,,,,,,,,,,,,,,,,,,,,,,,,,,,,,,,,,,,,,,,,,,,,,,,,,,,
instance_51,2.81409,6.9027,2.18635,0.0,0.0,0.0,1.64715,2.69967,0.579477,30.0,0.442448,1.80348,1.39047,2533.68,4517.5,31.0,306.298,9.88059,2.0,2.0,1.0,2243.0,0.0,1.02701,5742.0,15482.7,4903.97,118.0,59.0,1105.0,0.0,0.0,1137.0,1079.0,0.0526081,0.0263041,0.505952,0.0,0.0,0.50691,0.494048,0.0129291,0.0,29.0,0.0,0.0,0.0,,0.0,1.0,0.346008,0.000445831,-0.369791,136.0,7.64186,136.0,1.01182,0.0,0.0,3.0,5.0,0.0,0.0,5.0,5.0,0.0,5.0,0.0,2.89011,17.7967,8.463,1.76855,6.56429,6.90781,2096.0,0.417112,0.55347,0.420193,3055.0,2468.76,3043.05,35.0,1009.0,504.5,0.0,2.0,0.5,1020.0,994.0,2184.0,0.922161,0.973696,6312.0,38868.0,18483.2
instance_56,6.73832,26.4606,3.92671,0.0,0.0,0.0,1.15246,1.17308,0.0239363,0.0,0.999709,3.0674,0.0,207.054,418.156,46.0,195.95,4.25977,2.0,7.22882,3.61441,107.0,0.0,0.884298,319.0,2831.28,420.158,75.0,0.0,0.0,0.0,0.0,31.0,121.0,0.700935,0.0,0.0,0.0,0.0,0.28972,1.0,0.0,0.0,0.0,0.0,1.0,1.0,1.0,0.00934579,1.0,0.167822,0.00934579,-0.505684,901.0,39.0197,901.0,10.9507,0.0,0.0,2.0,0.0,5.0,5.0,5.0,5.0,0.0,0.0,0.0,5.95868,23.0909,13.8223,1.64565,3.47189,5.86286,76.0,1.35712,2.6148,2.45113,121.0,197.549,485.881,32.0,901.0,901.0,0.0,10.0,0.4375,91.0,693.0,121.0,6.47934,1.13084,721.0,2794.0,1672.5
instance_57,7.77108,33.8696,4.30745,0.0,0.0,0.0,1.26467,1.26917,0.0260503,0.0,0.974876,3.23214,0.0,161.256,336.08,42.0,179.073,4.39232,2.0,7.32193,3.66096,83.0,0.0,0.805825,247.0,2811.17,357.518,61.0,0.0,0.0,0.0,0.0,21.0,103.0,0.73494,0.0,0.0,0.0,0.0,0.253012,1.0,0.0,0.0,0.0,0.0,1.0,1.0,1.0,0.0120482,1.0,0.15969,0.0120482,-0.659876,821.0,30.0936,821.0,10.0956,0.0,0.0,2.0,0.0,5.0,5.0,5.0,5.0,0.0,0.0,0.0,6.26214,27.2816,15.0372,1.27344,2.88182,5.31195,62.0,1.43939,2.36244,2.61906,103.0,186.347,445.526,22.0,821.0,821.0,0.0,8.0,0.909091,83.0,885.0,103.0,9.39806,1.24096,645.0,2810.0,1548.83
instance_60,7.57317,32.5479,4.25778,0.0,0.0,0.0,1.24572,1.25086,0.0207947,0.0,0.981308,2.92439,0.0,158.868,330.23,41.0,175.401,4.35712,2.0,7.64386,3.82193,82.0,0.0,0.811881,244.0,2668.93,349.138,60.0,0.0,0.0,0.0,0.0,21.0,101.0,0.731707,0.0,0.0,0.0,0.0,0.256098,1.0,0.0,0.0,0.0,0.0,1.0,1.0,1.0,0.0121951,1.0,0.162641,0.0121951,-0.65278,801.0,30.0189,801.0,9.99733,0.0,0.0,2.0,0.0,5.0,5.0,5.0,5.0,0.0,0.0,0.0,6.14851,26.6832,14.8842,1.28276,2.90267,5.28637,61.0,1.43751,2.14428,2.36991,101.0,180.888,433.163,22.0,801.0,801.0,0.0,10.0,0.863636,81.0,823.0,101.0,8.9505,1.23171,621.0,2695.0,1503.3
instance_64,3.03846,18.9247,6.63227,0.0,0.0,0.0,1.18481,1.0267,0.0843892,0.0,0.468167,0.698827,0.468167,31.9069,102.72,16.0,99.8732,8.31272,2.0,13.3164,4.32911,26.0,0.0,0.787879,79.0,492.042,172.439,0.0,0.0,0.0,0.0,0.0,23.0,33.0,0.0,0.0,0.0,0.0,0.0,0.884615,1.0,0.0,0.0,0.0,0.0,2.0,3.0,0.666667,0.115385,1.0,0.417722,0.0384615,-1.26803,1001.0,9.55539,1001.0,5.47342,0.0,0.0,2.0,0.0,5.0,0.0,5.0,5.0,0.0,5.0,0.0,2.39394,104.758,58.5934,0.459199,1.56308,2.85785,1.0,1.99257,0.982603,2.12982,48.0,35.6797,185.764,4.0,1001.0,1001.0,0.0,4.0,4.0,86.0,63.0,33.0,4.51515,1.26923,79.0,3457.0,1933.58
instance_66,2.48797,13.8647,5.95117,0.0,0.0,0.0,4.32977,0.978131,0.555177,0.0,0.910232,2.34457,2.06627,2230.8,6460.53,478.0,502.714,10.6008,1.0,2.0,1.0,1953.0,0.0,0.988861,4883.0,27077.7,11622.6,0.0,0.0,477.0,0.0,0.0,1476.0,1498.0,0.0,0.0,0.241519,0.0,0.0,0.75576,0.758481,0.0,0.0,0.0,0.0,0.0,0.0,,0.0,1.0,0.406462,0.000512033,-0.443566,55058400.0,1934.62,55058400.0,44.4297,0.0,5.0,2.0,0.0,5.0,0.0,5.0,5.0,0.0,0.0,0.0,2.46025,28459.5,28168.2,1.33811,43.521,43.9713,1454.0,0.241222,1.6691,1.64997,2408.0,2120.59,11086.6,36.0,55058400.0,55058400.0,0.0,2.0,1.0,522.0,478.0,1975.0,0.506329,1.01126,4859.0,56207500.0,55632200.0
instance_71,2.49562,3.26965,1.29065,0.0,0.0,0.0,1.10699,1.21271,0.406658,0.0,1.11116,1.97764,0.86074,4188.3,5139.36,106.0,117.609,5.2608,2.0,2.0,1.0,3428.0,0.0,1.79476,8255.0,11208.4,4424.35,667.0,1738.0,1756.0,0.0,0.0,918.0,154.0,0.194574,0.507001,0.919372,0.0,0.0,0.267795,0.0806283,0.0,0.0,0.0,0.0,0.0,0.0,,0.0,1.0,0.223261,0.000291715,-0.473728,6247.0,1142.12,6247.0,43.6846,0.0,0.0,2.0,0.0,5.0,5.0,5.0,5.0,0.0,0.0,0.0,4.47906,5.46963,4.04695,1.63963,26.1219,35.3082,1714.0,2.4107,0.207349,0.882961,2015.0,3175.82,2006.54,76.0,6247.0,6247.0,0.0,2.0,0.0526316,377.0,423.0,1910.0,0.418848,0.557176,8555.0,10447.0,7729.67
instance_73,2.43596,3.03223,1.24391,0.0,0.0,0.0,1.41107,1.40998,0.434511,0.0,1.03069,1.84888,0.559629,8246.89,9796.31,191.0,203.384,5.90889,2.0,2.0,1.0,6918.0,0.0,2.06816,16297.0,20977.0,8605.39,1187.0,3918.0,3091.0,0.0,0.0,1623.0,254.0,0.171581,0.566349,0.924066,0.0,0.0,0.234605,0.0759342,0.0,0.0,0.0,0.0,0.0,0.0,,0.0,1.0,0.198493,0.00014455,-0.455431,10689.0,1986.48,10689.0,57.8166,0.0,0.0,2.0,0.0,5.0,5.0,5.0,5.0,0.0,0.0,0.0,5.03797,5.38087,3.95211,1.75989,34.341,46.7554,3034.0,2.57374,0.161263,0.887744,3535.0,5815.03,3460.29,101.0,10689.0,10689.0,0.0,2.0,0.029703,652.0,763.0,3345.0,0.423019,0.483521,16852.0,17999.0,13219.8
instance_74,2.79594,3.82568,1.34191,0.0,0.0,0.0,1.04692,1.42408,0.442441,0.0,1.25879,2.39711,0.739113,2132.92,2656.06,51.0,90.526,4.86566,2.0,2.0,1.0,1627.0,0.0,1.3581,4207.0,6224.38,2183.29,357.0,634.0,1084.0,0.0,0.0,586.0,114.0,0.219422,0.389674,0.904841,0.0,0.0,0.360172,0.0951586,0.0,0.0,0.0,0.0,0.0,0.0,,0.0,1.0,0.263355,0.000614628,-0.399453,1429.0,398.033,1429.0,34.5207,0.0,0.0,2.0,0.0,5.0,5.0,5.0,5.0,0.0,0.0,0.0,3.79716,3.59015,2.06426,1.84414,11.5013,19.9833,1027.0,1.91223,0.369779,0.779395,1248.0,1732.9,1308.14,86.0,1429.0,1429.0,0.0,2.0,0.0348837,232.0,203.0,1198.0,0.363105,0.736325,4549.0,4301.0,2472.98
instance_77,3.05729,19.5676,5.66746,0.0,0.0,0.0,1.85124,2.46395,0.593654,0.0,1.12037,4.22253,2.85475,245.485,645.646,61.0,521.868,11.0795,1.0,1.0,1.0,192.0,0.0,1.24675,591.0,3756.97,1088.15,17.0,14.0,44.0,0.0,0.0,136.0,110.0,0.0885417,0.0729167,0.285714,0.0,0.0,0.708333,0.714286,0.0729167,0.0,14.0,0.0,2.0,3.0,0.666667,0.015625,41.0,10.7564,0.213542,10.179,1528.0,2.80467,37.2683,1.16032,5.0,0.0,2.0,5.0,0.0,5.0,0.0,5.0,0.0,0.0,0.0,3.81169,544.805,159.537,0.958485,1.55532,1.73238,119.0,2.4711,3.03892,3.95043,219.0,251.307,842.576,41.0,2164.0,1082.0,0.0,2.0,0.181818,214.0,155.0,154.0,2.3961,0.802083,587.0,83900.0,24568.8
instance_79,3.11538,20.7846,6.16142,0.0,0.0,0.0,0.996641,1.27347,0.532421,0.0,1.44958,3.52699,2.71925,71.3066,188.667,20.0,164.574,10.3811,1.0,1.0,1.0,52.0,0.0,1.08333,157.0,1080.8,320.394,3.0,0.0,4.0,0.0,0.0,40.0,44.0,0.0576923,0.0,0.0833333,0.0,0.0,0.769231,0.916667,0.115385,0.0,6.0,0.0,2.0,3.0,0.666667,0.0576923,17.0,5.03704,0.326923,4.84724,987.0,1.36087,58.0588,0.334288,5.0,0.0,2.0,5.0,0.0,5.0,0.0,5.0,0.0,0.0,0.0,3.375,725.271,283.884,0.832853,1.07952,1.12378,29.0,2.34451,2.95884,3.81924,37.0,69.2522,336.507,17.0,1802.0,901.0,0.0,2.0,0.153846,70.0,59.0,48.0,2.6875,0.923077,162.0,34813.0,13626.5
instance_81,2.94712,2.95185,1.00074,0.0,0.0,0.0,0.488125,0.49928,0.0166215,0.0,1.18798,1.1902,0.000503628,48240.6,48270.6,25.0,58.0482,2.32193,1.0,1.0,1.0,32637.0,0.0,2.06825,96231.0,96339.7,32661.2,2188.0,1616.0,12840.0,0.0,0.0,27465.0,2940.0,0.0670405,0.0495144,0.813688,0.0,0.0,0.84153,0.186312,0.0,0.0,0.0,0.0,0.0,0.0,,0.0,0.0,0.0,0.0,0.0,0.0,0.0,0.0,0.0,0.0,0.0,1.0,0.0,5.0,0.0,5.0,5.0,0.0,5.0,0.0,6.09537,2.01445,0.889764,2.28677,0.103103,0.416183,14880.0,1.30511,0.0440063,0.493224,15065.0,23081.6,15880.5,153.0,5.0,5.0,0.0,2.0,0.0130719,693.0,69.0,15780.0,0.048289,0.4835,96185.0,31788.0,14040.5
instance_84,2.98258,2.98528,1.00042,0.0,0.0,0.0,0.48231,0.489625,0.0123526,0.0,1.07852,1.07992,0.000220846,120528.0,120570.0,32.0,74.3017,2.32193,1.0,1.0,1.0,80309.0,0.0,2.31892,237519.0,239745.0,80343.1,4920.0,3276.0,28996.0,0.0,0.0,69213.0,5636.0,0.0612634,0.0407924,0.83726,0.0,0.0,0.861834,0.16274,0.0,0.0,0.0,0.0,0.0,0.0,,0.0,0.0,0.0,0.0,0.0,0.0,0.0,0.0,0.0,0.0,0.0,1.0,0.0,5.0,0.0,5.0,5.0,0.0,5.0,0.0,6.91638,2.00936,0.898311,2.65516,0.0832452,0.368073,32924.0,1.17426,0.0304533,0.420255,33920.0,49698.2,34774.8,207.0,5.0,5.0,0.0,2.0,0.00966184,1728.0,77.0,34632.0,0.0521194,0.431234,239528.0,69588.0,31110.3
instance_88,3.04109,3.89295,1.33518,0.0,0.0,0.0,1.23429,1.40003,0.608322,0.0,1.554,2.14788,0.760872,47341.0,56090.6,60.0,297.252,4.9542,1.0,1.0,1.0,34682.0,0.0,1.21134,81529.0,135015.0,46306.6,7485.0,18780.0,25575.0,0.0,0.0,5561.0,3056.0,0.215818,0.541491,0.893263,0.0,0.0,0.160343,0.106737,0.00432501,0.0,150.0,0.0,2.0,6.0,0.333333,0.000173,0.0,0.0,0.0,0.0,0.0,0.0,0.0,0.0,0.0,0.0,1.0,0.0,1.0,1.0,1.0,1.0,0.0,0.0,0.0,3.6838,2.4338,0.930163,1.87318,1.82135,2.00469,21270.0,1.68144,0.102056,0.653575,31172.0,41925.6,30089.6,124.0,101.0,50.5,0.0,2.0,0.0165289,3253.0,141.0,28631.0,0.118543,0.825529,105471.0,69682.0,26631.5
instance_92,3.44408,9.29631,3.04284,0.0,0.0,0.0,2.43475,7.90454,0.982798,0.0,0.663689,3.03535,2.21182,8236.46,15982.1,478.0,5993.94,14.0401,2.0,2.0,1.0,6796.0,0.0,1.15578,18293.0,63177.7,20679.2,0.0,0.0,2124.0,0.0,0.0,4643.0,3756.0,0.0,0.0,0.361224,0.0,0.0,0.683196,0.638776,0.0,0.0,0.0,0.0,1.0,29.0,0.0344828,0.00426722,1.0,0.251218,0.000147145,-0.650171,465725000.0,2939.4,465725000.0,76.544,0.0,1.0,2.0,0.0,1.0,0.0,1.0,1.0,0.0,0.0,0.0,3.98061,158442.0,118821.0,1.15167,38.3883,51.1279,5365.0,2.26283,1.85454,2.38978,15300.0,9491.27,18917.1,71.0,465725000.0,465725000.0,0.0,2.0,0.126761,10172.0,1244.0,5880.0,1.9415,0.865215,23406.0,931641000.0,698669000.0
instance_93,2.80439,9.50672,3.24293,0.0,0.0,0.0,2.22102,5.20004,0.877085,0.0,1.2138,4.07505,2.40035,1359.95,2710.09,201.0,1627.78,11.1111,2.0,2.0,1.0,1094.0,0.0,0.993642,2997.0,10400.3,3547.77,0.0,0.0,300.0,0.0,0.0,779.0,801.0,0.0,0.0,0.27248,0.0,0.0,0.712066,0.72752,0.0,0.0,0.0,0.0,1.0,15.0,0.0666667,0.0137112,1.0,0.358866,0.000914077,-1.15051,8987150.0,550.013,8987150.0,32.9979,0.0,1.0,2.0,0.0,1.0,0.0,1.0,1.0,0.0,0.0,0.0,2.78656,16339.9,12250.3,0.55726,16.6378,22.1178,961.0,1.59877,2.86355,2.8766,1293.0,1473.47,4136.96,13.0,8987150.0,8987150.0,0.0,2.0,0.285714,383.0,324.0,1101.0,0.642144,1.0064,3068.0,17990200.0,13487500.0
instance_97,2.29793,4.73318,2.12795,0.0,0.0,0.0,0.364678,1.09354,0.680621,0.0,0.856289,2.17891,1.44453,11487.5,19140.6,16.0,107.892,6.84799,2.0,2.0,1.0,9905.0,0.0,1.4215,24055.0,46882.1,21077.3,2676.0,3128.0,6620.0,0.0,0.0,4099.0,348.0,0.270167,0.3158,0.950057,0.0,0.0,0.413831,0.0499426,0.0,0.0,0.0,0.0,1.0,2.0,0.5,0.000201918,1.0,0.306138,0.000100959,-0.244747,299.0,86.7844,299.0,17.1486,0.0,0.0,2.0,0.0,5.0,5.0,5.0,5.0,0.0,0.0,0.0,3.2665,3.44532,1.29525,2.83502,5.0024,5.58117,6634.0,0.823144,0.384949,0.776803,12938.0,8253.43,7386.5,198.0,299.0,299.0,0.0,1.0,0.133333,629.0,5990.0,6968.0,0.949914,0.703483,22761.0,24007.0,9025.32
